{
    "1": [481.80395, 487.420338, 492.061103, 494.908008, 495.666315, 495.506967, 494.79479, 492.533486, 487.929685, 479.740791, 463.984194, 450.534857, 453.098696, 468.198749, 483.380085, 492.064181, 495.354757, 495.478472, 495.111692, 495.670340, 494.651262, 493.346081, 492.139268, 490.647407],
    "2": [492.516227, 495.037762, 495.672, 495.618716, 495.471136, 494.844981, 493.757776, 492.157136, 490.227985, 489.291462, 489.292702, 487.055385, 485.364702, 482.211636, 478.997877, 472.739171, 456.803633, 436.919939, 417.706165, 396.833278, 380.760527, 371.94811, 372.923981, 386.127134],
    "3": [405.703975, 416.081811, 425.368611, 422.454878, 413.821545, 400.676899, 378.997396, 348.481776, 306.385536, 251.287977, 188.113328, 130.697662, 103.546407, 107.362309, 92.761271, 62.447148, 42.036178, 27.244147, 38.019549, 81.999048, 132.24739, 180.811374, 211.144058, 245.957856],
    "4": [265.256806, 285.552983, 308.932915, 327.515163, 333.936298, 335.059319, 347.365788, 326.693198, 295.444754, 257.897216, 259.264902, 269.250603, 266.073896, 297.782523, 342.345455, 364.723312, 367.48848, 369.397228, 362.345815, 346.273808, 322.046425, 297.791002, 272.852679, 257.577434],
    "5": [250.807168, 253.82562, 242.109157, 232.651594, 233.148438, 224.620722, 208.104191, 201.464132, 201.768234, 196.085821, 177.250451, 170.632782, 151.244928, 156.797832, 190.07069, 208.434434, 206.585416, 183.993402, 149.988525, 113.761732, 83.613558, 56.822955, 36.254491, 22.100304],
    "6": [10.907287, 4.127459, 2.497803, 3.09099, 4.960336, 12.090525, 24.311398, 38.66824, 53.976159, 61.357121, 64.623699, 68.307936, 72.954028, 89.442933, 113.660547, 124.966442, 124.345627, 118.536474, 113.629816, 111.537092, 115.342438, 113.718197, 96.867835, 69.108608],
    "7": [51.242729, 49.801712, 60.751006, 64.417318, 67.109386, 77.285701, 88.919078, 95.365888, 104.692936, 127.523266, 154.26018, 162.575483, 183.454614, 242.386358, 311.958106, 322.880726, 322.038272, 393.208985, 440.295891, 453.071631, 471.397837, 466.650087, 437.570817, 434.995862],
    "8": [429.116527, 409.428802, 406.623548, 406.595999, 401.361236, 329.523943, 162.587713, 46.934422, 111.524603, 232.624517, 341.96437, 417.631688, 437.327893, 447.348641, 448.305288, 448.957291, 458.639437, 468.088511, 473.26488, 473.94168, 477.743556, 484.903635, 487.242554, 487.421149],
    "9": [486.394462, 485.316879, 484.105331, 483.165844, 481.811361, 479.550352, 477.121839, 473.186898, 469.178828, 464.884804, 462.388369, 453.842023, 442.240295, 429.19951, 412.871142, 396.845252, 389.117831, 383.562362, 365.466256, 338.187997, 291.277375, 257.865117, 230.328512, 205.009303],
    "10": [187.153316, 166.504606, 140.684541, 124.814975, 110.593867, 98.590968, 81.737007, 58.918356, 41.539045, 21.746397, 10.818266, 12.756167, 25.256381, 46.984413, 71.991843, 97.173006, 131.067523, 174.125584, 215.718005, 251.455384, 280.420903, 311.634687, 334.12919, 343.395362],
    "11": [345.257395, 351.934339, 357.222966, 359.588628, 355.132153, 362.637743, 375.467539, 385.236459, 385.976824, 396.050962, 398.894593, 377.597169, 378.181647, 374.828687, 356.859617, 335.856891, 292.943075, 221.933692, 152.467118, 112.887516, 113.712796, 132.632603, 138.386523, 130.802474],
    "12": [119.627713, 115.57833, 129.007519, 161.46683, 200.269611, 255.698888, 288.861596, 309.212126, 301.954639, 280.093631, 319.341361, 353.330898, 329.809113, 325.559067, 357.976273, 384.664788, 386.71483, 370.956135, 329.295077, 295.539019, 291.845368, 302.523149, 313.778812, 306.396332],
    "13": [309.873239, 282.136894, 230.751155, 205.006923, 246.921039, 318.754328, 370.620712, 389.295606, 364.334792, 368.673527, 430.583101, 468.864119, 481.391629, 479.783068, 479.536449, 481.163738, 483.237074, 484.142923, 480.394372, 470.118143, 468.146513, 488.593707, 490.22558, 479.355973],
    "14": [462.701558, 473.033327, 483.103178, 489.22186, 490.23609, 489.983484, 488.714196, 484.713283, 480.160006, 480.387566, 486.719618, 492.407123, 494.384584, 494.058129, 492.91162, 492.547567, 490.892727, 486.794922, 483.180023, 479.393697, 475.029403, 470.921447, 468.078719, 469.547818],
    "15": [467.69001, 460.109676, 442.428458, 403.853274, 371.948466, 339.149938, 297.310742, 266.073653, 239.845527, 194.008063, 151.843974, 210.94624, 379.678194, 459.276025, 486.838828, 493.130532, 490.958118, 489.209274, 487.673149, 481.592111, 468.036915, 451.664094, 428.993256, 387.202523],
    "16": [345.10424, 292.806999, 251.657292, 245.428286, 270.417652, 338.284657, 386.586528, 412.340019, 415.372595, 429.323035, 443.875665, 442.643572, 448.480261, 456.943389, 471.321322, 475.02596, 473.435002, 474.785601, 477.291363, 481.369757, 485.649405, 487.470452, 489.603561, 486.136466],
    "17": [473.585248, 452.79043, 433.042798, 423.99082, 429.61352, 418.75049, 402.129537, 405.587351, 396.22448, 372.955742, 320.808533, 254.355115, 213.622572, 217.423994, 274.096902, 370.544559, 405.668589, 389.664311, 369.617503, 374.871282, 388.665633, 393.221353, 378.941834, 355.373799],
    "18": [325.795123, 300.224889, 283.069482, 268.786582, 269.677277, 277.802971, 268.964715, 240.114084, 192.339398, 147.548175, 134.258248, 140.29392, 155.617163, 173.757194, 207.183065, 245.546942, 274.543852, 294.764009, 308.993181, 311.349035, 305.825846, 290.611191, 277.982397, 262.249127],
    "19": [235.72617, 222.129036, 213.158421, 206.368757, 197.014259, 188.823762, 182.853562, 172.703746, 168.813671, 173.645863, 174.801772, 178.834363, 180.938211, 181.130205, 177.503964, 190.404935, 197.547885, 200.020815, 209.013445, 223.501664, 231.934972, 239.929353, 250.059511, 261.000918],
    "20": [261.310596, 256.527062, 255.159361, 260.718316, 249.532103, 240.725797, 233.834812, 219.360005, 194.176727, 182.88272, 178.838883, 171.626891, 162.250415, 148.763871, 150.833253, 155.608958, 160.030098, 164.216391, 167.071992, 173.158924, 180.79935, 189.367914, 203.648358, 216.966815]
}