{
    "1": [481.80395, 487.420338, 492.061103, 494.908008, 495.666315, 495.506967, 494.79479, 492.533486, 487.929685, 479.740791, 463.984194, 450.534857, 453.098696, 468.198749, 483.380085, 492.064181, 495.354757, 495.478472, 495.111692, 495.670340, 494.651262, 493.346081, 492.139268, 490.647407],
    "2": [261.310596, 256.527062, 255.159361, 260.718316, 249.532103, 240.725797, 233.834812, 219.360005, 194.176727, 182.88272, 178.838883, 171.626891, 162.250415, 148.763871, 150.833253, 155.608958, 160.030098, 164.216391, 167.071992, 173.158924, 180.79935, 189.367914, 203.648358, 216.966815],
    "3": [267.233153, 253.534755, 211.159461, 151.243882, 116.110143, 111.923303, 143.071598, 180.814226, 209.483626, 266.073934, 315.749983, 357.189193, 403.174325, 417.361982, 395.541977, 353.429456, 315.232278, 285.510061, 275.509821, 291.06801, 292.266831, 267.937946, 229.201577, 189.474687],
    "4": [354.368543, 352.63837, 350.164016, 346.231758, 346.238543, 342.990982, 324.898904, 299.05148, 270.626658, 255.161315, 289.003574, 368.380815, 386.139629, 385.019645, 391.966501, 399.264543, 398.335316, 395.786787, 379.905333, 345.339213, 342.987491, 337.988788, 328.856267, 327.155909],
    "5": [121.038465, 139.574507, 172.964883, 207.779313, 228.091987, 245.551489, 268.787041, 266.074304, 240.725618, 245.552383, 261.311234, 267.431482, 278.221386, 292.921462, 287.772669, 263.629341, 303.265435, 333.352099, 349.29413, 358.609505, 345.52602, 305.106938, 281.017886, 262.595816],
    "6": [129.972858, 130.683057, 139.099531, 163.865847, 150.617486, 168.364105, 183.097304, 231.953132, 279.061798, 314.591691, 339.122788, 345.398636, 346.876013, 345.10158, 366.145587, 412.195895, 436.183044, 451.65522, 459.209014, 460.779964, 460.456601, 454.318802, 439.600227, 423.021912],
    "7": [475.681687, 470.610036, 444.568413, 413.607069, 412.024848, 418.743027, 431.68016, 460.246021, 482.509969, 485.965691, 489.207845, 490.653076, 490.413994, 491.143469, 492.224405, 491.291, 487.268559, 479.710447, 460.580056, 424.852021, 380.793406, 324.321187, 194.301731, 137.189156],
    "8": [125.494749, 137.165688, 160.291501, 192.824422, 223.502517, 217.95308, 215.98972, 195.15777, 155.595842, 120.375702, 91.702187, 72.202358, 61.038599, 55.127528, 53.842682, 59.712754, 71.673505, 93.301228, 117.874379, 135.994204, 145.681737, 146.905702, 138.415934, 123.060203],
    "9": [60.368965, 87.859611, 125.767867, 163.025858, 176.1925, 176.470758, 194.161372, 233.152405, 249.600731, 243.605215, 214.235095, 194.159595, 197.550834, 198.344639, 180.358675, 155.599415, 139.702483, 128.286859, 132.21974, 145.582288, 148.215373, 145.665368, 151.225923, 173.592536],
    "10": [371.92153, 380.763748, 396.535586, 395.382527, 399.046184, 422.223091, 426.409384, 424.604825, 420.459696, 415.48897, 414.379311, 414.372612, 412.737316, 404.646022, 390.178916, 370.896749, 334.580438, 276.208561, 246.822136, 235.81458, 232.08461, 214.402715, 179.402007, 137.210483],
    "11": [350.16367, 357.432249, 367.967017, 360.337779, 339.922836, 324.301308, 364.360902, 385.95684, 411.976296, 435.611747, 447.549176, 447.79499, 430.457625, 387.020466, 309.806164, 200.248037, 121.502823, 122.621237, 173.823151, 253.124373, 311.706484, 325.891463, 322.952339, 316.904605],
    "12": [239.351744, 192.242367, 149.76975, 117.277447, 93.018978, 81.498607, 89.442426, 105.110921, 131.872324, 161.940917, 211.796817, 259.40314, 293.437553, 307.956757, 320.812191, 333.248876, 316.469757, 305.977594, 319.064121, 332.897941, 327.734272, 306.390365, 267.863569, 217.729764],
    "13": [290.180683, 286.711034, 285.555708, 272.168, 245.177068, 240.73261, 239.293863, 255.159626, 278.714208, 296.638411, 310.096604, 317.922757, 320.81022, 318.100461, 313.338117, 308.965149, 303.437896, 276.590567, 254.196097, 266.073718, 272.168, 265.956804, 256.531447, 248.986324],
    "14": [38.558052, 30.893535, 27.01664, 30.989168, 36.943704, 35.171651, 38.211177, 34.496441, 27.674808, 22.535925, 22.287496, 27.037132, 38.495567, 62.178956, 118.766085, 209.784044, 301.396922, 348.50774, 360.526644, 346.848956, 340.029114, 342.846478, 348.5041, 348.590915],
    "15": [78.323794, 78.531658, 78.372914, 82.085531, 83.701862, 87.279522, 83.716155, 86.029496, 111.518107, 149.853802, 180.816841, 204.822808, 209.778421, 206.04003, 202.682242, 216.639965, 250.267218, 284.227805, 308.934615, 343.641711, 380.761323, 407.779419, 409.993758, 395.421763],
    "16": [216.683014, 258.829891, 291.494495, 311.705884, 307.468729, 318.781305, 315.226341, 296.668708, 340.482762, 346.250907, 338.337987, 320.479033, 302.213108, 289.048054, 278.748112, 237.977473, 231.737727, 282.896734, 343.258769, 397.4111, 444.843471, 449.327832, 437.702922, 430.03259],
    "17": [392.391133, 374.918776, 358.869457, 334.096153, 309.086523, 278.219955, 242.250179, 198.883536, 161.298971, 124.326394, 95.846324, 77.178345, 63.096261, 51.998769, 44.267528, 44.885951, 50.746242, 60.212166, 74.141914, 95.831491, 116.457704, 136.563567, 159.723675, 182.140362],
    "18": [429.04972, 408.989959, 394.361816, 390.124654, 387.243716, 391.507774, 400.693203, 403.696778, 405.601728, 415.567298, 427.60757, 432.307673, 421.895918, 391.05797, 365.74471, 347.517707, 348.829585, 340.486598, 345.100718, 360.001332, 365.501168, 345.117701, 321.869715, 298.812535],
    "19": [483.310718, 463.583013, 445.559472, 421.882788, 365.605756, 292.359357, 197.298983, 90.829564, 55.45542, 59.374914, 54.792083, 73.972251, 118.158967, 171.770245, 245.55119, 317.790026, 358.916225, 381.277677, 406.104454, 428.521439, 447.803282, 458.520608, 465.750542, 481.378197],
    "20": [415.453955, 423.056203, 424.679504, 422.806085, 420.745587, 421.555212, 416.725524, 409.427334, 401.147427, 411.635073, 413.718844, 424.763243, 435.019853, 430.145827, 433.097499, 433.718926, 437.534214, 436.203395, 436.912236, 446.301895, 442.634554, 437.511183, 456.356803, 469.526369]
}